{
  "text": " Astralis nije kao drugi program. Ne znao se neke objave, neke zveke. Znao se zinu. Znao se ljudi s neugodom jednog djeca i sro훾nosti jednog Doga. Znao se sve 훾udost i sve zemlje. Zemlje, hrana, zemlje. Ali i muzika, poezija i ljubez. U svom ljudu znao se svoj spigel, svoj spigel, svoj spigel, svoj spigel, svoj spigel, svoj spigel, svoj spigel, svoj spigel, svoj spigel, svoj spigel, svoj spigel, svoj spigel, svoj spigel,",
  "segments": [
    {
      "id": 0,
      "seek": 0,
      "start": 0.0,
      "end": 2.14,
      "text": " Astralis nije kao drugi program.",
      "tokens": [
        50365,
        12884,
        2155,
        271,
        297,
        37697,
        6799,
        78,
        4110,
        72,
        1461,
        13,
        50472
      ],
      "temperature": 0.0,
      "avg_logprob": -0.5606341891818576,
      "compression_ratio": 2.2044198895027622,
      "no_speech_prob": 0.0038442073855549097
    },
    {
      "id": 1,
      "seek": 0,
      "start": 2.74,
      "end": 5.0200000000000005,
      "text": " Ne znao se neke objave, neke zveke.",
      "tokens": [
        50502,
        1734,
        710,
        629,
        78,
        369,
        408,
        330,
        1111,
        73,
        946,
        11,
        408,
        330,
        710,
        303,
        330,
        13,
        50616
      ],
      "temperature": 0.0,
      "avg_logprob": -0.5606341891818576,
      "compression_ratio": 2.2044198895027622,
      "no_speech_prob": 0.0038442073855549097
    },
    {
      "id": 2,
      "seek": 0,
      "start": 5.6000000000000005,
      "end": 6.98,
      "text": " Znao se zinu.",
      "tokens": [
        50645,
        1176,
        629,
        78,
        369,
        710,
        259,
        84,
        13,
        50714
      ],
      "temperature": 0.0,
      "avg_logprob": -0.5606341891818576,
      "compression_ratio": 2.2044198895027622,
      "no_speech_prob": 0.0038442073855549097
    },
    {
      "id": 3,
      "seek": 0,
      "start": 7.78,
      "end": 12.56,
      "text": " Znao se ljudi s neugodom jednog djeca i sro훾nosti jednog Doga.",
      "tokens": [
        50754,
        1176,
        629,
        78,
        369,
        287,
        9218,
        72,
        262,
        408,
        697,
        378,
        298,
        5232,
        77,
        664,
        274,
        2884,
        496,
        741,
        262,
        340,
        10236,
        36414,
        72,
        5232,
        77,
        664,
        413,
        9833,
        13,
        50993
      ],
      "temperature": 0.0,
      "avg_logprob": -0.5606341891818576,
      "compression_ratio": 2.2044198895027622,
      "no_speech_prob": 0.0038442073855549097
    },
    {
      "id": 4,
      "seek": 0,
      "start": 13.36,
      "end": 15.82,
      "text": " Znao se sve 훾udost i sve zemlje.",
      "tokens": [
        51033,
        1176,
        629,
        78,
        369,
        262,
        303,
        22392,
        532,
        555,
        741,
        262,
        303,
        710,
        443,
        75,
        2884,
        13,
        51156
      ],
      "temperature": 0.0,
      "avg_logprob": -0.5606341891818576,
      "compression_ratio": 2.2044198895027622,
      "no_speech_prob": 0.0038442073855549097
    },
    {
      "id": 5,
      "seek": 0,
      "start": 16.52,
      "end": 18.6,
      "text": " Zemlje, hrana, zemlje.",
      "tokens": [
        51191,
        1176,
        443,
        75,
        2884,
        11,
        276,
        81,
        2095,
        11,
        710,
        443,
        75,
        2884,
        13,
        51295
      ],
      "temperature": 0.0,
      "avg_logprob": -0.5606341891818576,
      "compression_ratio": 2.2044198895027622,
      "no_speech_prob": 0.0038442073855549097
    },
    {
      "id": 6,
      "seek": 0,
      "start": 19.2,
      "end": 21.46,
      "text": " Ali i muzika, poezija i ljubez.",
      "tokens": [
        51325,
        12020,
        741,
        2992,
        89,
        5439,
        11,
        714,
        4371,
        20642,
        741,
        287,
        73,
        1977,
        89,
        13,
        51438
      ],
      "temperature": 0.0,
      "avg_logprob": -0.5606341891818576,
      "compression_ratio": 2.2044198895027622,
      "no_speech_prob": 0.0038442073855549097
    },
    {
      "id": 7,
      "seek": 0,
      "start": 22.2,
      "end": 24.18,
      "text": " U svom ljudu znao se svoj spigel,",
      "tokens": [
        51475,
        624,
        17342,
        298,
        287,
        9218,
        84,
        710,
        629,
        78,
        369,
        262,
        3080,
        73,
        637,
        328,
        338,
        11,
        51574
      ],
      "temperature": 0.0,
      "avg_logprob": -0.5606341891818576,
      "compression_ratio": 2.2044198895027622,
      "no_speech_prob": 0.0038442073855549097
    },
    {
      "id": 8,
      "seek": 0,
      "start": 24.18,
      "end": 24.86,
      "text": " svoj spigel, svoj spigel,",
      "tokens": [
        51574,
        262,
        3080,
        73,
        637,
        328,
        338,
        11,
        262,
        3080,
        73,
        637,
        328,
        338,
        11,
        51608
      ],
      "temperature": 0.0,
      "avg_logprob": -0.5606341891818576,
      "compression_ratio": 2.2044198895027622,
      "no_speech_prob": 0.0038442073855549097
    },
    {
      "id": 9,
      "seek": 0,
      "start": 24.86,
      "end": 25.38,
      "text": " svoj spigel, svoj spigel,",
      "tokens": [
        51608,
        262,
        3080,
        73,
        637,
        328,
        338,
        11,
        262,
        3080,
        73,
        637,
        328,
        338,
        11,
        51634
      ],
      "temperature": 0.0,
      "avg_logprob": -0.5606341891818576,
      "compression_ratio": 2.2044198895027622,
      "no_speech_prob": 0.0038442073855549097
    },
    {
      "id": 10,
      "seek": 0,
      "start": 25.38,
      "end": 25.44,
      "text": " svoj spigel, svoj spigel,",
      "tokens": [
        51634,
        262,
        3080,
        73,
        637,
        328,
        338,
        11,
        262,
        3080,
        73,
        637,
        328,
        338,
        11,
        51637
      ],
      "temperature": 0.0,
      "avg_logprob": -0.5606341891818576,
      "compression_ratio": 2.2044198895027622,
      "no_speech_prob": 0.0038442073855549097
    },
    {
      "id": 11,
      "seek": 0,
      "start": 25.44,
      "end": 25.560000000000002,
      "text": " svoj spigel, svoj spigel,",
      "tokens": [
        51637,
        262,
        3080,
        73,
        637,
        328,
        338,
        11,
        262,
        3080,
        73,
        637,
        328,
        338,
        11,
        51643
      ],
      "temperature": 0.0,
      "avg_logprob": -0.5606341891818576,
      "compression_ratio": 2.2044198895027622,
      "no_speech_prob": 0.0038442073855549097
    },
    {
      "id": 12,
      "seek": 2556,
      "start": 25.56,
      "end": 55.54,
      "text": " svoj spigel, svoj spigel,",
      "tokens": [
        50365,
        262,
        3080,
        73,
        637,
        328,
        338,
        11,
        262,
        3080,
        73,
        637,
        328,
        338,
        11,
        51864
      ],
      "temperature": 0.0,
      "avg_logprob": -0.20628069428836598,
      "compression_ratio": 1.0416666666666667,
      "no_speech_prob": 0.8866944313049316
    },
    {
      "id": 13,
      "seek": 5556,
      "start": 55.56,
      "end": 57.06,
      "text": " svoj spigel, svoj spigel,",